<?xml version="1.0" encoding="UTF-8"?><InterfaceFile>  <FileBody>  <ProduceTime type="STRING">2020年</ProduceTime>  <haveFile>true</haveFile>  <Area type="STRING">山东省淄博市淄博经济开发区</Area>	<Department type="STRING">国家高分辨率对地观测系统山东省淄博市数据与应用中心</Department>	<DataName type="STRING">高分遥感数据创新服务土地集约节约利用评价</DataName>	<DataFormat type="STRING"></DataFormat>	<Description type="STRING">通过高分遥感数据确定淄博经济开发区两个发展方向区</Description>	<Resolution type="STRING"></Resolution>    <TopLeftLatitude type="DECIMAL"></TopLeftLatitude>    <TopLeftLongitude type="DECIMAL"></TopLeftLongitude>    <BottomLeftLatitude type="DECIMAL"></BottomLeftLatitude>    <BottomLeftLongitude type="DECIMAL"></BottomLeftLongitude>    <TopRightLatitude type="DECIMAL"></TopRightLatitude>    <TopRightLongitude type="DECIMAL"></TopRightLongitude>    <BottomRightLatitude type="DECIMAL"></BottomRightLatitude>    <BottomRightLongitude type="DECIMAL"></BottomRightLongitude>    <CenterLatitude type="DECIMAL"></CenterLatitude>    <CenterLongitude type="DECIMAL"></CenterLongitude>  </FileBody></InterfaceFile>