<?xml version="1.0" encoding="UTF-8"?><InterfaceFile>  <FileBody>  <ProduceTime type="STRING">2020年</ProduceTime>  <haveFile>true</haveFile>  <Area type="STRING">山东省淄博市淄川区</Area>	<Department type="STRING">淄博市卫星影像AI智能解译超融合应用平台</Department>	<DataName type="STRING">自然资源多长制监管云平台高分数据支撑</DataName>	<DataFormat type="STRING"></DataFormat>	<Description type="STRING">淄川区2020年第一季度遥感影像图</Description>	<Resolution type="STRING"></Resolution>    <TopLeftLatitude type="DECIMAL"></TopLeftLatitude>    <TopLeftLongitude type="DECIMAL"></TopLeftLongitude>    <BottomLeftLatitude type="DECIMAL"></BottomLeftLatitude>    <BottomLeftLongitude type="DECIMAL"></BottomLeftLongitude>    <TopRightLatitude type="DECIMAL"></TopRightLatitude>    <TopRightLongitude type="DECIMAL"></TopRightLongitude>    <BottomRightLatitude type="DECIMAL"></BottomRightLatitude>    <BottomRightLongitude type="DECIMAL"></BottomRightLongitude>    <CenterLatitude type="DECIMAL"></CenterLatitude>    <CenterLongitude type="DECIMAL"></CenterLongitude>  </FileBody></InterfaceFile>