<?xml version="1.0" encoding="UTF-8"?><InterfaceFile>  <FileBody>  <ProduceTime type="STRING">2020年</ProduceTime>  <haveFile>true</haveFile>  <Area type="STRING">山东省淄博市</Area>	<Department type="STRING">国家高分辨率对地观测系统山东省淄博市数据与应用中心</Department>	<DataName type="STRING">高分“天眼”赋能城乡环境大整治</DataName>	<DataFormat type="STRING"></DataFormat>	<Description type="STRING">利用高分卫星，建立三维立体全景影像数据库，进行地表裸土分析</Description>	<Resolution type="STRING"></Resolution>    <TopLeftLatitude type="DECIMAL"></TopLeftLatitude>    <TopLeftLongitude type="DECIMAL"></TopLeftLongitude>    <BottomLeftLatitude type="DECIMAL"></BottomLeftLatitude>    <BottomLeftLongitude type="DECIMAL"></BottomLeftLongitude>    <TopRightLatitude type="DECIMAL"></TopRightLatitude>    <TopRightLongitude type="DECIMAL"></TopRightLongitude>    <BottomRightLatitude type="DECIMAL"></BottomRightLatitude>    <BottomRightLongitude type="DECIMAL"></BottomRightLongitude>    <CenterLatitude type="DECIMAL"></CenterLatitude>    <CenterLongitude type="DECIMAL"></CenterLongitude>  </FileBody></InterfaceFile>