<?xml version="1.0" encoding="UTF-8"?><InterfaceFile>  <FileBody>  <ProduceTime type="STRING">2020年</ProduceTime>  <haveFile>true</haveFile>  <Area type="STRING">山东省淄博市张店区</Area>	<Department type="STRING">国家高分辨率对地观测系统山东省淄博市数据与应用中心</Department>	<DataName type="STRING">淄博市卫星影像AI智能解译超融合应用平台</DataName>	<DataFormat type="STRING"></DataFormat>	<Description type="STRING">淄博市张店区局部影像对比</Description>	<Resolution type="STRING"></Resolution>    <TopLeftLatitude type="DECIMAL"></TopLeftLatitude>    <TopLeftLongitude type="DECIMAL"></TopLeftLongitude>    <BottomLeftLatitude type="DECIMAL"></BottomLeftLatitude>    <BottomLeftLongitude type="DECIMAL"></BottomLeftLongitude>    <TopRightLatitude type="DECIMAL"></TopRightLatitude>    <TopRightLongitude type="DECIMAL"></TopRightLongitude>    <BottomRightLatitude type="DECIMAL"></BottomRightLatitude>    <BottomRightLongitude type="DECIMAL"></BottomRightLongitude>    <CenterLatitude type="DECIMAL"></CenterLatitude>    <CenterLongitude type="DECIMAL"></CenterLongitude>  </FileBody></InterfaceFile>