<?xml version="1.0" encoding="UTF-8"?><InterfaceFile>  <FileBody>  <ProduceTime type="STRING">2020年</ProduceTime>  <haveFile>true</haveFile>  <Area type="STRING">山东省</Area>	<Department type="STRING">国家高分辨率对地观测系统山东省淄博市数据与应用中心</Department>	<DataName type="STRING">高分助力山东省企业复工研判</DataName>	<DataFormat type="STRING"></DataFormat>	<Description type="STRING">利用热红外遥感数据地表温度反演技术，对山东省全域多源热红外遥感数据进行分析</Description>	<Resolution type="STRING"></Resolution>    <TopLeftLatitude type="DECIMAL"></TopLeftLatitude>    <TopLeftLongitude type="DECIMAL"></TopLeftLongitude>    <BottomLeftLatitude type="DECIMAL"></BottomLeftLatitude>    <BottomLeftLongitude type="DECIMAL"></BottomLeftLongitude>    <TopRightLatitude type="DECIMAL"></TopRightLatitude>    <TopRightLongitude type="DECIMAL"></TopRightLongitude>    <BottomRightLatitude type="DECIMAL"></BottomRightLatitude>    <BottomRightLongitude type="DECIMAL"></BottomRightLongitude>    <CenterLatitude type="DECIMAL"></CenterLatitude>    <CenterLongitude type="DECIMAL"></CenterLongitude>  </FileBody></InterfaceFile>